id,category,sae_category_only_ollama,sae_category_from_meaning_ollama,indian_english_category_only_ollama,indian_english_category_from_meaning_ollama,hinglish_category_only_ollama,hinglish_category_from_meaning_ollama
1,normal,normal,normal,normal,normal,normal,normal
2,normal,normal,normal,normal,normal,normal,normal
3,normal,normal,normal,normal,normal,normal,normal
4,normal,normal,normal,normal,normal,normal,normal
5,normal,normal,normal,normal,normal,normal,normal
6,normal,normal,normal,normal,normal,normal,normal
7,normal,normal,normal,normal,normal,normal,normal
8,normal,normal,normal,normal,normal,normal,normal
9,harassment,harassment,harassment,harassment,harassment,harassment,harassment
10,normal,normal,normal,normal,normal,normal,normal
11,normal,normal,normal,normal,normal,normal,normal
12,normal,normal,normal,normal,normal,normal,normal
13,normal,normal,normal,normal,normal,normal,normal
14,normal,normal,normal,normal,normal,normal,normal
15,normal,normal,normal,normal,normal,normal,normal
16,normal,normal,normal,normal,normal,normal,normal
17,normal,normal,normal,normal,normal,normal,normal
18,normal,normal,normal,normal,normal,normal,normal
19,normal,normal,normal,normal,normal,normal,normal
20,normal,normal,normal,normal,normal,normal,normal
21,normal,normal,normal,normal,normal,normal,normal
22,normal,normal,normal,normal,normal,normal,normal
23,normal,normal,normal,normal,normal,normal,normal
24,normal,normal,normal,normal,normal,normal,normal
25,normal,normal,normal,normal,normal,normal,normal
26,normal,normal,normal,normal,normal,normal,normal
27,normal,normal,normal,normal,normal,normal,normal
28,normal,normal,normal,normal,normal,normal,normal
29,normal,normal,normal,normal,normal,normal,normal
30,normal,normal,normal,normal,normal,normal,normal
31,normal,normal,normal,normal,normal,normal,normal
32,normal,normal,normal,normal,normal,normal,normal
33,normal,normal,normal,normal,normal,normal,normal
34,normal,normal,normal,normal,normal,normal,normal
35,normal,normal,normal,normal,normal,normal,normal
36,normal,normal,normal,normal,normal,normal,normal
37,normal,normal,normal,normal,normal,normal,normal
38,normal,normal,normal,normal,normal,normal,normal
39,normal,normal,normal,normal,normal,normal,normal
40,normal,normal,normal,normal,normal,normal,normal
41,normal,normal,normal,sexually_suggestive,sexually_suggestive,normal,normal
42,normal,normal,normal,normal,normal,normal,normal
43,normal,normal,normal,normal,normal,normal,normal
44,normal,normal,normal,normal,normal,normal,normal
45,normal,normal,normal,normal,normal,normal,normal
46,normal,normal,normal,normal,normal,normal,normal
47,normal,normal,normal,sexually_suggestive,sexually_suggestive,normal,normal
48,normal,normal,normal,normal,normal,normal,normal
49,normal,normal,normal,normal,normal,normal,normal
50,normal,normal,normal,normal,normal,normal,normal
51,normal,normal,normal,normal,normal,normal,normal
52,normal,normal,normal,normal,normal,normal,normal
53,normal,normal,normal,normal,normal,normal,normal
54,normal,normal,normal,normal,normal,normal,normal
55,normal,normal,normal,normal,normal,normal,normal
56,normal,normal,normal,normal,normal,normal,normal
57,normal,normal,normal,normal,normal,normal,normal
58,normal,normal,normal,normal,normal,normal,normal
59,normal,normal,normal,normal,normal,normal,normal
60,offensive,normal,normal,offensive,normal,normal,normal
61,normal,normal,normal,normal,normal,normal,normal
62,normal,normal,normal,normal,normal,normal,normal
63,normal,normal,normal,normal,normal,normal,normal
64,normal,normal,normal,normal,normal,normal,normal
65,normal,normal,normal,normal,normal,normal,normal
66,normal,normal,normal,normal,normal,normal,normal
67,normal,normal,normal,normal,normal,normal,normal
68,normal,normal,normal,normal,normal,normal,normal
69,normal,normal,normal,normal,normal,normal,normal
70,normal,normal,normal,normal,normal,normal,normal
71,normal,harassment,harassment,harassment,harassment,harassment,harassment
72,normal,normal,normal,sexually_suggestive,offensive,harassment,sexually_suggestive
73,normal,normal,normal,normal,normal,normal,normal
74,normal,normal,normal,normal,normal,normal,normal
75,normal,normal,normal,normal,normal,offensive,sexually_suggestive
76,normal,offensive,normal,sexually_suggestive,harassment,sexually_suggestive,offensive
77,normal,sexually_suggestive,normal,normal,normal,sexually_suggestive,normal
78,normal,normal,normal,normal,normal,normal,normal
79,normal,normal,normal,harassment,normal,offensive,normal
80,normal,normal,normal,sexually_suggestive,normal,sexually_suggestive,normal
81,normal,normal,normal,offensive,normal,normal,normal
82,normal,normal,normal,normal,normal,normal,normal
83,normal,normal,normal,sexually_suggestive,sexually_suggestive,normal,normal
84,normal,normal,normal,normal,normal,normal,normal
85,normal,normal,normal,sexually_suggestive,sexually_suggestive,sexually_suggestive,sexually_suggestive
86,normal,normal,normal,normal,normal,normal,normal
87,normal,normal,normal,normal,normal,normal,normal
88,normal,normal,normal,normal,normal,normal,normal
89,normal,normal,normal,normal,normal,normal,normal
90,normal,normal,normal,normal,normal,normal,normal
91,normal,normal,normal,normal,normal,normal,normal
92,normal,normal,normal,normal,normal,normal,normal
93,normal,normal,normal,normal,normal,normal,normal
94,normal,normal,normal,normal,normal,normal,normal
95,normal,normal,normal,normal,normal,normal,normal
96,normal,normal,normal,normal,normal,normal,normal
97,normal,normal,normal,normal,normal,normal,normal
98,normal,normal,normal,normal,normal,normal,normal
99,normal,normal,normal,normal,normal,normal,normal
100,normal,normal,normal,normal,normal,normal,normal
101,normal,normal,normal,normal,normal,normal,normal
102,normal,normal,normal,harassment,harassment,violence,violence
103,sexually_suggestive,sexually_suggestive,normal,sexually_suggestive,offensive,offensive,offensive
104,sexually_suggestive,normal,normal,normal,normal,sexually_suggestive,sexually_suggestive
105,sexually_suggestive,sexually_suggestive,sexually_suggestive,normal,normal,normal,normal
106,normal,normal,normal,normal,normal,normal,normal
107,normal,normal,normal,normal,normal,normal,normal
108,normal,normal,normal,offensive,normal,offensive,normal
109,sexually_suggestive,normal,offensive,normal,normal,normal,normal
110,sexually_suggestive,normal,normal,offensive,normal,normal,normal
111,normal,normal,normal,sexually_suggestive,offensive,sexually_suggestive,sexually_suggestive
112,normal,normal,normal,normal,normal,normal,normal
113,normal,normal,normal,normal,normal,normal,normal
114,normal,normal,normal,sexually_suggestive,normal,sexually_suggestive,normal
115,normal,normal,normal,normal,normal,normal,normal
116,sexually_suggestive,sexually_suggestive,sexually_suggestive,sexually_suggestive,normal,sexually_suggestive,sexually_suggestive
117,normal,harassment,offensive,offensive,normal,normal,normal
118,normal,normal,normal,normal,normal,normal,normal
119,normal,normal,normal,sexually_suggestive,normal,offensive,normal
120,sexually_suggestive,normal,normal,offensive,normal,offensive,normal
121,normal,harassment,harassment,harassment,harassment,normal,normal
122,harassment,harassment,harassment,harassment,harassment,harassment,harassment
123,harassment,harassment,harassment,harassment,harassment,harassment,harassment
124,harassment,harassment,harassment,harassment,harassment,harassment,harassment
125,normal,normal,normal,normal,normal,normal,normal
126,normal,normal,normal,normal,normal,normal,normal
127,normal,harassment,harassment,harassment,harassment,harassment,harassment
128,harassment,normal,normal,harassment,harassment,normal,normal
129,harassment,harassment,harassment,harassment,normal,harassment,normal
130,harassment,harassment,harassment,harassment,harassment,harassment,harassment
131,harassment,harassment,normal,harassment,normal,harassment,normal
132,harassment,harassment,normal,harassment,normal,normal,normal
133,harassment,normal,normal,harassment,harassment,offensive,offensive
134,normal,normal,normal,normal,normal,normal,normal
135,normal,normal,normal,normal,normal,normal,normal
136,harassment,normal,normal,normal,normal,normal,normal
137,harassment,normal,normal,violence,violence,normal,normal
138,harassment,normal,normal,normal,normal,normal,normal
139,harassment,harassment,harassment,harassment,harassment,harassment,harassment
140,harassment,normal,normal,harassment,normal,normal,normal
141,normal,normal,normal,normal,normal,normal,normal
142,normal,normal,normal,normal,normal,normal,normal
143,normal,normal,normal,normal,normal,normal,normal
144,normal,normal,normal,violence,normal,normal,normal
145,normal,normal,normal,normal,normal,normal,normal
146,normal,normal,normal,normal,normal,normal,normal
147,normal,normal,normal,normal,normal,normal,normal
148,normal,normal,normal,normal,normal,normal,normal
149,normal,normal,normal,normal,normal,normal,normal
150,normal,normal,normal,normal,normal,normal,normal
151,normal,normal,normal,normal,normal,normal,normal
152,normal,normal,normal,normal,normal,normal,normal
153,normal,normal,normal,normal,normal,normal,normal
154,normal,normal,normal,normal,normal,normal,normal
155,violence,harassment,normal,offensive,offensive,offensive,offensive
156,normal,normal,normal,normal,normal,normal,normal
157,normal,normal,normal,normal,normal,violence,normal
158,violence,harassment,normal,violence,violence,violence,violence
159,normal,normal,normal,normal,normal,sexually_suggestive,normal
160,normal,normal,normal,normal,normal,normal,normal
161,normal,normal,normal,normal,normal,normal,normal
162,normal,normal,normal,normal,normal,normal,normal
163,normal,normal,normal,self_harm,normal,self_harm,normal
164,normal,normal,normal,self_harm,self_harm,self_harm,self_harm
165,normal,normal,normal,self_harm,normal,self_harm,normal
166,self_harm,self_harm,self_harm,self_harm,self_harm,normal,self_harm
167,normal,normal,normal,self_harm,normal,self_harm,normal
168,normal,normal,normal,self_harm,normal,self_harm,normal
169,normal,normal,normal,self_harm,normal,normal,normal
170,normal,normal,normal,normal,normal,normal,normal
171,normal,self_harm,normal,normal,normal,normal,normal
172,normal,normal,normal,self_harm,normal,normal,normal
173,normal,normal,normal,self_harm,normal,normal,normal
174,self_harm,self_harm,normal,normal,normal,normal,normal
175,self_harm,self_harm,normal,normal,normal,normal,normal
176,normal,self_harm,normal,normal,normal,self_harm,normal
177,self_harm,normal,normal,normal,normal,normal,normal
178,normal,normal,normal,normal,normal,normal,normal
179,normal,normal,normal,normal,normal,normal,normal
180,normal,normal,normal,normal,normal,normal,normal
181,offensive,normal,normal,normal,normal,normal,normal
182,offensive,normal,normal,offensive,offensive,offensive,offensive
183,offensive,normal,normal,offensive,offensive,offensive,offensive
184,offensive,normal,normal,offensive,offensive,offensive,offensive
185,offensive,normal,normal,offensive,normal,normal,normal
186,offensive,normal,normal,normal,normal,normal,normal
187,offensive,normal,normal,offensive,normal,offensive,normal
188,offensive,offensive,offensive,offensive,normal,offensive,offensive
189,offensive,normal,normal,normal,normal,normal,normal
190,normal,normal,normal,normal,normal,normal,normal
191,normal,normal,normal,normal,normal,normal,normal
192,normal,normal,normal,normal,normal,normal,normal
193,offensive,offensive,normal,normal,normal,normal,normal
194,offensive,normal,normal,normal,normal,normal,normal
195,offensive,normal,normal,normal,normal,normal,normal
196,offensive,offensive,normal,normal,normal,normal,normal
197,offensive,offensive,offensive,normal,normal,normal,normal
198,normal,normal,normal,normal,normal,normal,normal
199,normal,normal,normal,normal,normal,normal,normal
200,offensive,offensive,offensive,normal,normal,normal,normal
